{
    "rmse(train)": 302.950537560951,
    "rmse(valid)": 273.4621740470856
}