{
    "rmse(train)": 314.70279450759773,
    "rmse(valid)": 279.48143519678695
}