{
    "rmse(train)": 87.44068469808342,
    "rmse(valid)": 233.52297511910808
}