{
    "rmse(train)": 296.16574513299616,
    "rmse(valid)": 272.844865973239
}