{
    "mse(test)": 957.522429988344,
    "rmse(test)": 935.5702851070073
}