{
    "rmse(train)": 224.78874927176733,
    "rmse(valid)": 220.37327570993497
}