{
    "rmse(train)": 298.34495474021315,
    "rmse(valid)": 271.92061734342974
}