{
    "mse(train)": 428.29020681118055,
    "rmse(valid)": 401.23966916322433
}