{
    "mse(train)": 715.3150999923402,
    "rmse(valid)": 692.7794650457424
}