{
    "mse(train)": 887.8525403339746,
    "rmse(valid)": 865.9267612725615
}