{
    "mse(train)": 429.5493818056336,
    "rmse(valid)": 402.86111982869573
}