{
    "rmse(train)": 302.26000646925706,
    "rmse(valid)": 266.791614463893
}