{
    "rmse(train)": 311.10341385042494,
    "rmse(valid)": 279.39750847578415
}