{
    "rmse(train)": 112.96440287594699,
    "rmse(valid)": 204.2716619050157
}