{
    "rmse(train)": 429.49053253749366,
    "rmse(valid)": 402.7541148863168
}