{
    "rmse(train)": 168.97500924728584,
    "rmse(valid)": 224.955975845519
}