{
    "rmse(train)": 299.47479154224396,
    "rmse(valid)": 275.60254315082284
}