{
    "rmse(train)": 168.16259726036202,
    "rmse(valid)": 241.47766833420414
}