{
    "mse(test)": 887.8525403339746,
    "rmse(test)": 865.9267612725615
}