{
    "rmse(train)": 295.15382347387725,
    "rmse(valid)": 275.9928371368614
}