{
    "rmse(train)": 292.6204508846797,
    "rmse(valid)": 275.9302059601497
}