{
    "mse(train)": 957.522429988344,
    "rmse(valid)": 935.5702851070073
}