{
    "rmse(train)": 116.55841896423978,
    "rmse(valid)": 224.1234323514201
}