{
    "rmse(train)": 429.4739262135786,
    "rmse(valid)": 402.72237152928295
}