{
    "rmse(train)": 304.52227994397384,
    "rmse(valid)": 274.23880868038435
}